respondent_id,questionnaire_id,group_code,group,institution_code,questionnaire_number,mode,source_label,sample1_code,sample1_format,sample2_code,sample2_format,child_age_years,selection_criteria_other_text,open_q14_most_important,open_q15_what_avoid,notes,child_gender,preschool_children_in_family,weekday_video_time,primary_device,content_chooser,co_viewing_frequency,precheck_frequency,selection_criteria_multi,content_quality_concern_1_5,knows_ai_content,has_given_ai_content,negative_reaction_seen,youtube_trust_1_5,sample1_likes,sample1_positive_value,sample1_safe,sample1_language_quality,sample1_age_fit,sample1_overall,sample1_guessed_origin,sample1_would_show,sample2_likes,sample2_positive_value,sample2_safe,sample2_language_quality,sample2_age_fit,sample2_overall,sample2_guessed_origin,sample2_would_show
P-04-04,Б-04-04-T7V1,Б,parent,04,04,paper,,T7,text,V1,video,5,,"Вік, розвиток мовлення, тривалість, спокійна музика, поведінка героїв, межі, баланс фантазії.","Агресію, насильство, крик, груба мова, хаотична поведінка, швидкий темп, складний сюжет.",,хлопчик,2,30–60 хв.,Телевізор,Я сам/-а,Рідко,Часто,"Без насилля; Хороша мова",5,Так,Можливо,"Так, неодноразово",2,3,1,3,3,2,2,ШІ,Скоріше ні,5,4,5,4,5,4,ШІ,Так
P-04-03,Б-04-03-T2V5,Б,parent,04,03,paper,,T2,text,V5,video,6,,"«Вік, мораль і цінності, відсутність агресії, зрозумілий сюжет, гумор.»","«Агресію, надмірну рекламу, перевантаження фантастикою без логіки, неправильну мову.»",,дівчинка,1,1–2 год.,Смартфон,Разом,Іноді,Завжди,"Позитивні цінності; Без насилля; Хороша мова",4,Так,Ні,Ні,1,4,2,5,4,5,4,ШІ,Так,4,2,2,3,3,3,ШІ,Скоріше так
P-03-06,Б-03-06-T8V3,Б,parent,03,06,paper,,T8,text,V3,video,4,,"«Те, що розвиває пам’ять, уяву, сприймання та увагу.»","«Агресію, напругу.»",,,2,До 30 хв.,,Я сам/-а,Іноді,Часто,"Позитивні цінності; Без насилля; Хороша мова",5,Так,Можливо,Ні,1,4,3,4,4,4,4,ШІ,Так,4,4,4,4,4,4,ШІ,Скоріше так
P-03-05,Б-03-05-T4V4,Б,parent,03,05,paper,,T4,text,V4,video,5,,"«Те, що дає знання, розвиває мислення.»","«Неправильна мова, затурканий сюжет.»",,,2,До 30 хв.,,Я сам/-а,Рідко,Завжди,"Позитивні цінності; Хороша мова; Дитині подобається",5,Так,Ні,Ні,1,4,3,5,4,4,4,ШІ,Так,3,4,4,3,5,4,ШІ,Скоріше так
P-04-02,Б-04-02-T4V6,Б,parent,04,02,paper,,T4,text,V6,video,4,,"«Розвивати позитивні цінності, увагу, пам’ять, уяву.»","«Свідомо уникаємо того, що може негативно впливати на її розвиток, емоц. стан і поведінку.»«...на її розвиток, емоційний стан і поведінку.»",,дівчинка,2,,Телевізор,Я сам/-а,Часто,Часто,"Позитивні цінності; Спокійний темп",,Так,Ні,"Так, неодноразово",3,3,4,4,5,4,,ШІ,,1,1,2,2,,2,Важко сказати,Скоріше ні
P-04-05,Б-04-05-T7V3,Б,parent,04,05,paper,,T7,text,V3,video,3,,"«Відповідність вікові, безпечний, добрий зміст. Зміст, що сприяє розвитку.»","«Контент з насильством, агресією. Страшних сцен. Контент, що не відповідає віку дитини.»",,дівчинка,2,30–60 хв.,Смартфон,Разом,Іноді,Завжди,"Без насилля; Спокійний темп; Дитині подобається",3,Так,Можливо,"Так, один раз",3,4,5,5,5,3,5,Традиційний,Скоріше так,4,2,5,4,5,4,Важко сказати,Скоріше так
P-03-07,Б-03-07-T3V5,Б,parent,03,07,paper,,T3,text,V5,video,4,,"ВІкові особливості, якість мови, позитивний приклад","Погана якість, токсичність, негативний приклад",,хлопчик,1,30–60 хв.,Телевізор,Я сам/-а,Часто,Завжди,"Позитивні цінності; Спокійний темп; Хороша мова; Дитині подобається",4,Так,Можливо,Ні,4,5,5,5,5,5,5,Важко сказати,Так,3,1,2,5,2,2,ШІ,Скоріше ні
P-04-01,Б-04-01-T9V6,Б,parent,04,01,paper,,T9,text,V6,video,3,,"Вікові особливості, емоційна безпека, мова та якість контенту, терапевтичний елемент","Гіперстимуляція (швидка зміна кадрів). Пасивність героїв, токсичні кольори",,дівчинка,1,30–60 хв.,Телевізор,Я сам/-а,Часто,Завжди,"Позитивні цінності; Спокійний темп; Хороша мова",4,Так,Можливо,Ні,5,4,4,4,5,5,4,Важко сказати,Скоріше так,4,4,5,5,5,4,ШІ,Скоріше так
P-01-07,Б-01-07-T6V3,Б,parent,01,07,paper,,T6,text,V3,video,4,,"Щоб відповідало віку дитини.
Чітка, правильна українська мова.»",«Без насилля.»,,хлопчик,1,До 30 хв.,Смартфон,Разом,Завжди,Завжди,"Позитивні цінності; Без насилля; Спокійний темп; Хороша мова; Дитині подобається; Знайома студія",5,Так,Можливо,"Так, один раз",4,5,5,5,5,5,5,Традиційний,Так,5,5,5,5,5,5,Важко сказати,Так
P-02-01,Б-02-01-T5V2,Б,parent,02,01,paper,,T5,text,V2,video,4,,"«Позитивні моральні цінності, спокійна мова.»",«Сцени насильства.»,,дівчинка,2,30–60 хв.,Смартфон,Разом,Іноді,Завжди,"Позитивні цінності; Хороша мова; Дитині подобається",5,Так,Ні,Ні,3,5,5,5,5,5,5,Традиційний,Так,5,5,5,5,5,5,Важко сказати,Скоріше так
P-01-03,Б-01-03-T9V2,Б,parent,01,03,paper,,T9,text,V2,video,6,,"«Відповідає віку дитини, без насилля.»",«Без насилля.»,,хлопчик,2,30–60 хв.,Планшет,Дитина,Рідко,Іноді,Без насилля,3,Так,Ні,"Так, один раз",4,5,5,5,5,5,5,Традиційний,Так,5,5,5,5,5,5,Традиційний,Так
P-01-05,Б-01-05-T1V1,Б,parent,01,05,paper,,T1,text,V1,video,5,,"Відповідність віку, цікавий сюжет",насилля,,хлопчик,2,До 30 хв.,Смартфон,Разом,Завжди,Завжди,"Позитивні цінності; Без насилля; Спокійний темп; Хороша мова; Дитині подобається; Знайома студія",5,Так,Ні,Ні,4,5,5,5,5,5,5,Традиційний,Так,3,4,4,3,4,3,ШІ,Скоріше так
P-01-06,Б-01-06-T5V6,Б,parent,01,06,paper,,T5,text,V6,video,5,,Відповідність віку дитині,безнасилля,,дівчинка,2,До 30 хв.,Смартфон,Разом,Завжди,Завжди,"Позитивні цінності; Без насилля; Спокійний темп; Хороша мова; Дитині подобається; Знайома студія",5,Так,Ні,"Так, один раз",4,5,5,5,5,5,5,Традиційний,Так,5,5,5,5,5,5,Важко сказати,Так
P-01-04,Б-01-04-T7V4,Б,parent,01,04,paper,,T7,text,V4,video,5,,"Подобається дитині, позитивні цінності",Насилля,,хлопчик,1,До 30 хв.,Телевізор,Разом,Завжди,Завжди,"Позитивні цінності; Без насилля; Дитині подобається",4,Так,Ні,"Так, один раз",4,5,5,5,5,5,5,Традиційний,Так,5,5,5,5,5,5,Традиційний,Так
P-02-04,Б-02-04-T2V6,Б,parent,02,04,paper,,T2,text,V6,video,4,,"відповідальність віку, моральні цінності","російська мова, насильство",,хлопчик,1,30–60 хв.,Телевізор,Разом,Часто,Іноді,"Позитивні цінності; Без насилля; Хороша мова; Дитині подобається",4,Так,Можливо,"Так, один раз",4,4,5,5,5,5,5,Традиційний,Так,5,4,4,4,5,4,Важко сказати,Так
P-02-02,Б-02-02-T3V2,Б,parent,02,02,paper,,T3,text,V2,video,4,,"вікові норми, моральні цінності","мова ворога, насильство",,хлопчик,1,30–60 хв.,Телевізор,Я сам/-а,Часто,Завжди,"Позитивні цінності; Без насилля; Хороша мова",2,Так,Ні,"Так, один раз",3,4,5,5,5,5,5,Традиційний,Так,5,4,5,5,4,4,Важко сказати,Скоріше так
P-02-07,Б-02-07-T5V1,Б,parent,02,07,paper,,T5,text,V1,video,4,,"моральні цінності, відповідність віку","російська мова, насилля",,дівчинка,1,30–60 хв.,Телевізор,Разом,Часто,Іноді,"Без насилля; Хороша мова; Дитині подобається",3,Так,Можливо,"Так, один раз",3,4,5,5,5,5,5,Традиційний,Так,5,4,5,4,5,4,Важко сказати,Так
P-02-05,Б-02-05-T4V3,Б,parent,02,05,paper,,T4,text,V3,video,3,,"Зацікавленість дитини, повчальність, та позитивні емоціх",Російської мови та агресії персонажів,,дівчинка,1,1–2 год.,Телевізор,Я сам/-а,Часто,Завжди,Дитині подобається,2,"Чув(-ла), не впевнений(-а)","Так, свідомо",Ні,3,4,4,5,4,4,4,Традиційний,Так,4,5,4,4,5,4,Традиційний,Скоріше так
P-02-03,Б-02-03-T9V1,Б,parent,02,03,paper,,T9,text,V1,video,4,,"моральні цінності, відповідність віковим вимогам","російська мова, насильство",,дівчинка,1,До 30 хв.,Смартфон,Разом,Часто,Часто,"Позитивні цінності; Дитині подобається",3,Ні,Можливо,"Так, неодноразово",4,5,5,5,5,5,5,Традиційний,Так,5,4,4,4,5,4,Важко сказати,Скоріше так
P-02-06,Б-02-06-T4V2,Б,parent,02,06,paper,,T4,text,V2,video,5,,"«Повчальний, позитивний, якісна українська мова.»","«Насилля, нецензурна лексика.»",,хлопчик,2,1–2 год.,Телевізор,Разом,Іноді,Іноді,"Позитивні цінності; Без насилля; Дитині подобається",5,Так,Ні,Ні,2,5,5,5,5,5,5,Традиційний,Так,5,2,5,5,5,4,Важко сказати,Скоріше так
P-02-01,Б-02-01-T5V2,Б,parent,02,01,paper,,T5,text,V2,video,4,,Позитивні цінності,Насилля,,хлопчик,1,До 30 хв.,ПК / ноутбук,Разом,Іноді,Завжди,"Позитивні цінності; Хороша мова",4,Так,Ні,Ні,4,4,5,5,5,5,5,Традиційний,Так,4,4,4,5,5,5,Важко сказати,Скоріше так
P-03-01,Б-03-01-T8V5,Б,parent,03,01,paper,,T8,text,V5,video,5,,"«відповідність віку»
«українська мова»
«позитивні цінності»","«російська мова»
«насилля»
«відсутність сюжету»
«пропаганда»",,хлопчик,1,До 30 хв.,Телевізор,Разом,Часто,Завжди,"Позитивні цінності; Без насилля; Хороша мова",,,,,2,4,5,5,5,4,4,Важко сказати,Так,4,5,4,4,4,4,ШІ,Скоріше так
P-03-02,Б-03-02-T7V6,Б,parent,03,02,paper,,T7,text,V6,video,4,,"«Позитивний приклад та повчальний зміст; гарна анімація з помірними кольорами; без насилля та нецензурної лексики.»","«Російської мови та їхніх мультфільмів; жорстоких чи дивних.»",,хлопчик,1,30–60 хв.,Телевізор,Я сам/-а,Завжди,Іноді,"Без насилля; Хороша мова; Дитині подобається",5,Так,Можливо,Ні,3,5,5,5,4,4,5,Традиційний,Так,3,2,2,2,2,1,ШІ,Скоріше ні
P-02-08,Б-02-08-T6V1,Б,parent,02,08,paper,,T6,text,V1,video,6,,"«Відповідає віку дітей, з моральним змістом, цінностями, де вирішуються складні ситуації. Яскрава, не має довгого сюжету.»","«травматичного контенту»
«негативних емоцій»
«субтитрів»
«фільмів»",,хлопчик,2,1–2 год.,Телевізор,Дитина,Іноді,Часто,"Позитивні цінності; Без насилля; Спокійний темп; Хороша мова; Дитині подобається",5,Так,Можливо,"Так, неодноразово",1,5,5,5,5,5,5,ШІ,Скоріше так,3,2,2,4,4,3,ШІ,Скоріше ні
P-03-01,Б-03-01-T8V5,Б,parent,03,01,paper,,T8,text,V5,video,5,,"«Мультфільм повинен відповідати віку, доступність.»",«Негативу і страху.»,,дівчинка,2,30–60 хв.,Телевізор,Разом,Рідко,Часто,"Позитивні цінності; Спокійний темп; Дитині подобається",4,Так,Ні,Ні,4,3,3,4,3,3,3,Важко сказати,Скоріше так,2,2,2,2,2,2,Важко сказати,
P-04-03,Б-04-03-T2V5,Б,parent,04,03,paper,,T2,text,V5,video,5,Українська мова,"«позитивний приклад»
«українською мовою»
«повчальний контент»","«блогерів»
«ворожої мови»
«контент, який містить жорстокість, агресію»",,дівчинка,1,30–60 хв.,Планшет,Разом,Іноді,Іноді,"Позитивні цінності; Хороша мова; Дитині подобається; Інше",2,Так,Можливо,"Так, один раз",4,4,5,5,5,4,4,Важко сказати,Скоріше так,5,5,5,5,5,5,ШІ,Так
P-03-05,Б-03-05-T4V4,Б,parent,03,05,paper,,T4,text,V4,video,5,,"«Вік, мораль і цінності, безпечний зміст, позитивні герої, зрозумілий сюжет, мовлення, тривалість, пізнавальність, емоційний комфорт.»","«Агресії та насильства, страшних сцен, негативних моделей поведінки, перевантаження, дорослого контенту, грубої мови, реклами та рекламного впливу, нелогічного сюжету.»",,хлопчик,1,Більше 2 год.,Планшет,Дитина,Іноді,Іноді,"Позитивні цінності; Без насилля; Хороша мова",5,Так,"Так, свідомо",Ні,3,5,5,5,5,5,5,Традиційний,Так,4,4,5,4,5,4,ШІ,Скоріше так
P-03-03,Б-03-03-T9V3,Б,parent,03,03,paper,,T9,text,V3,video,6,,"«Доступність, … а коректність сприймається … весь матеріал.»",«російської мови»,,хлопчик,1,30–60 хв.,Телевізор,Дитина,Часто,Іноді,"Позитивні цінності; Без насилля; Спокійний темп; Хороша мова",5,Так,"Так, свідомо",Ні,5,1,5,5,5,5,5,Традиційний,Скоріше так,5,5,5,5,5,5,ШІ,
P-03-02,Б-03-02-T7V6,Б,parent,03,02,paper,,T7,text,V6,video,3,,"«Відповідає вікові дитини, повчальний, яскравий.»",«Щоб не було негативу та страху.»,,хлопчик,2,1–2 год.,Смартфон,Разом,Часто,Завжди,"Позитивні цінності; Спокійний темп",4,"Чув(-ла), не впевнений(-а)",Ні,Ні,3,3,3,3,3,3,3,Важко сказати,Скоріше ні,2,2,2,2,2,2,ШІ,Скоріше ні
P-03-06,Б-03-06-T8V3,Б,parent,03,06,paper,,T8,text,V3,video,5,,"«Чому вчить ця історія;»","«агресії»
«неправдивої інформації»",,хлопчик,2,Більше 2 год.,Телевізор,Разом,Іноді,Завжди,"Позитивні цінності; Спокійний темп; Дитині подобається",5,Так,"Так, свідомо","Так, неодноразово",1,5,5,5,5,5,5,Традиційний,Так,4,4,3,4,4,4,ШІ,
P-04-02,Б-04-02-T4V6,Б,parent,04,02,paper,,T4,text,V6,video,6,,Морально-виховний зміст,Російської мови,,хлопчик,1,30–60 хв.,Телевізор,Разом,Завжди,Завжди,"Позитивні цінності; Спокійний темп; Хороша мова; Дитині подобається",1,Так,Ні,Ні,2,5,5,5,5,5,5,Традиційний,Так,5,3,5,5,5,5,Традиційний,Так
P-03-07,Б-03-07-T3V5,Б,parent,03,07,paper,,T3,text,V5,video,5,,"«моральна цінність»
«якісна анімація та озвучка»
«відсутність агресії»","«російськомовний контент»
«страшні персонажі»
«комічних відео»",,хлопчик,2,1–2 год.,Телевізор,Разом,Рідко,Часто,"Позитивні цінності; Хороша мова; Дитині подобається",1,Так,"Так, свідомо",Ні,5,5,5,5,5,5,5,Традиційний,Так,5,5,5,5,5,5,ШІ,Так
P-03-04,Б-03-04-T6V2,Б,parent,03,04,paper,,T6,text,V2,video,5,"виховний зміст, рідна мова",«пам’ять»,"«щоб не несли страху, негативу.»",,хлопчик,1,30–60 хв.,Смартфон,Разом,Іноді,Іноді,"Позитивні цінності; Хороша мова; Інше",4,Так,Ні,"Так, один раз",4,4,4,5,5,4,4,Традиційний,Так,5,5,5,5,5,5,ШІ,Так
P-02-04,Б-02-04-T2V6,Б,parent,02,04,paper,,T2,text,V6,video,4,,"«Зрозумілість змісту і відповідність віку, цікавий зміст.»",«Страшний і тривожний контент.»,,хлопчик,2,1–2 год.,Телевізор,Дитина,Часто,Рідко,Дитині подобається,3,Так,"Так, свідомо",Ні,2,2,2,1,4,3,2,ШІ,Скоріше ні,5,4,5,5,5,5,ШІ,Так
P-04-06,Б-04-06-T2V4,Б,parent,04,06,paper,,T2,text,V4,video,4,,"«Цікавий зміст.
Добрі і зрозумілі історії.»","«Без насилля.
Без монстрів.
Без хамства.»",,дівчинка,2,Більше 2 год.,Планшет,Дитина,Іноді,Іноді,Дитині подобається,3,Так,"Так, свідомо",Ні,3,5,5,5,5,5,5,Важко сказати,Скоріше так,5,4,4,5,5,5,Важко сказати,Так
P-04-07,Б-04-07-T1V5,Б,parent,04,07,paper,,T1,text,V5,video,3,,"«Чітка картинка без сильно яскравих кольорів, повчальний зміст, відповідність до віку дитини, без перевантаження.»","«Незрозумілий контент, який не підходить дитині по віку.»",,хлопчик,1,1–2 год.,Телевізор,Разом,Часто,Іноді,"Спокійний темп; Хороша мова",2,Так,Ні,Ні,2,1,1,1,1,2,1,Традиційний,Так,1,2,1,1,1,1,Традиційний,Так
P-04-04,Б-04-04-T7V1,Б,parent,04,04,paper,,T7,text,V1,video,5,,"«Відповідність вікові;»
«Цінності;»
«Гарна озвучка;»
«Цікавий сюжет.»","«Нецензурна лексика;»
«Насильство;»
«Мова-ворожа;»
«Поганий зміст.»",,дівчинка,1,1–2 год.,Смартфон,Разом,Часто,Завжди,"Позитивні цінності; Без насилля; Спокійний темп; Хороша мова; Дитині подобається",3,"Чув(-ла), не впевнений(-а)",Можливо,"Так, один раз",3,4,5,5,5,5,5,Традиційний,Так,5,3,5,5,5,,ШІ,Так
P-КТФ-15,Б-КТФ-15-T9V5,Б,parent,КТФ,15,paper,,T9,text,V5,video,4,,"«Мова»
«Сюжет (щоб було цікаво для дитини)»","«Насилля»
«Російської мови»",,хлопчик,1,30–60 хв.,Телевізор,Я сам/-а,Іноді,Часто,"Позитивні цінності; Без насилля; Хороша мова",5,Так,Ні,Ні,3,4,5,5,5,4,5,ШІ,Скоріше ні,5,5,5,5,5,5,Важко сказати,Так