respondent_id,questionnaire_id,group_code,group,institution_code,questionnaire_number,mode,source_label,date_filled,sample1_code,sample1_format,sample2_code,sample2_format,child_age_years,child_gender,preschool_children_in_family,weekday_video_time,primary_device,content_chooser,co_viewing_frequency,precheck_frequency,selection_criteria_multi,content_quality_concern_1_5,knows_ai_content,has_given_ai_content,negative_reaction_seen,youtube_trust_1_5,sample1_likes,sample1_positive_value,sample1_safe,sample1_language_quality,sample1_age_fit,sample1_overall,sample1_guessed_origin,sample1_would_show,sample2_likes,sample2_positive_value,sample2_safe,sample2_language_quality,sample2_age_fit,sample2_overall,sample2_guessed_origin,sample2_would_show,open_q14_most_important,open_q15_what_avoid,selection_criteria_other_text,notes
P-04-04,Б-04-04-T7V1,Б,parent,04,04,paper,,,T7,text,V1,video,5,хлопчик,2,30–60 хв.,Телевізор,Я сам/-а,Рідко,Часто,Без насилля; Хороша мова,5,Так,Можливо,"Так, неодноразово",2,3,1,3,3,2,2,ШІ,Скоріше ні,5,4,5,4,5,4,ШІ,Так,"Вік, розвиток мовлення, тривалість, спокійна музика, поведінка героїв, межі, баланс фантазії.","Агресію, насильство, крик, груба мова, хаотична поведінка, швидкий темп, складний сюжет.",,
P-04-03,Б-04-03-T2V5,Б,parent,04,03,paper,,,T2,text,V5,video,6,дівчинка,1,1–2 год.,Смартфон,Разом,Іноді,Завжди,Позитивні цінності; Без насилля; Хороша мова,4,Так,Ні,Ні,1,4,2,5,4,5,4,ШІ,Так,4,2,2,3,3,3,ШІ,Скоріше так,"«Вік, мораль і цінності, відсутність агресії, зрозумілий сюжет, гумор.»","«Агресію, надмірну рекламу, перевантаження фантастикою без логіки, неправильну мову.»",,
P-03-06,Б-03-06-T8V3,Б,parent,03,06,paper,,,T8,text,V3,video,4,,2,До 30 хв.,,Я сам/-а,Іноді,Часто,Позитивні цінності; Без насилля; Хороша мова,5,Так,Можливо,Ні,1,4,3,4,4,4,4,ШІ,Так,4,4,4,4,4,4,ШІ,Скоріше так,"«Те, що розвиває пам’ять, уяву, сприймання та увагу.»","«Агресію, напругу.»",,
P-03-05,Б-03-05-T4V4,Б,parent,03,05,paper,,,T4,text,V4,video,5,,2,До 30 хв.,,Я сам/-а,Рідко,Завжди,Позитивні цінності; Хороша мова; Дитині подобається,5,Так,Ні,Ні,1,4,3,5,4,4,4,ШІ,Так,3,4,4,3,5,4,ШІ,Скоріше так,"«Те, що дає знання, розвиває мислення.»","«Неправильна мова, затурканий сюжет.»",,
P-04-02,Б-04-02-T4V6,Б,parent,04,02,paper,,,T4,text,V6,video,4,дівчинка,2,,Телевізор,Я сам/-а,Часто,Часто,Позитивні цінності; Спокійний темп,,Так,Ні,"Так, неодноразово",3,3,4,4,5,4,,ШІ,,1,1,2,2,,2,Важко сказати,Скоріше ні,"«Розвивати позитивні цінності, увагу, пам’ять, уяву.»","«Свідомо уникаємо того, що може негативно впливати на її розвиток, емоц. стан і поведінку.»«...на її розвиток, емоційний стан і поведінку.»",,
P-04-05,Б-04-05-T7V3,Б,parent,04,05,paper,,,T7,text,V3,video,3,дівчинка,2,30–60 хв.,Смартфон,Разом,Іноді,Завжди,Без насилля; Спокійний темп; Дитині подобається,3,Так,Можливо,"Так, один раз",3,4,5,5,5,3,5,Традиційний,Скоріше так,4,2,5,4,5,4,Важко сказати,Скоріше так,"«Відповідність вікові, безпечний, добрий зміст. Зміст, що сприяє розвитку.»","«Контент з насильством, агресією. Страшних сцен. Контент, що не відповідає віку дитини.»",,
P-03-07,Б-03-07-T3V5,Б,parent,03,07,paper,,,T3,text,V5,video,4,хлопчик,1,30–60 хв.,Телевізор,Я сам/-а,Часто,Завжди,Позитивні цінності; Спокійний темп; Хороша мова; Дитині подобається,4,Так,Можливо,Ні,4,5,5,5,5,5,5,Важко сказати,Так,3,1,2,5,2,2,ШІ,Скоріше ні,"ВІкові особливості, якість мови, позитивний приклад","Погана якість, токсичність, негативний приклад",,
P-04-01,Б-04-01-T9V6,Б,parent,04,01,paper,,,T9,text,V6,video,3,дівчинка,1,30–60 хв.,Телевізор,Я сам/-а,Часто,Завжди,Позитивні цінності; Спокійний темп; Хороша мова,4,Так,Можливо,Ні,5,4,4,4,5,5,4,Важко сказати,Скоріше так,4,4,5,5,5,4,ШІ,Скоріше так,"Вікові особливості, емоційна безпека, мова та якість контенту, терапевтичний елемент","Гіперстимуляція (швидка зміна кадрів). Пасивність героїв, токсичні кольори",,
P-01-07,Б-01-07-T6V3,Б,parent,01,07,paper,,,T6,text,V3,video,4,хлопчик,1,До 30 хв.,Смартфон,Разом,Завжди,Завжди,Позитивні цінності; Без насилля; Спокійний темп; Хороша мова; Дитині подобається; Знайома студія,5,Так,Можливо,"Так, один раз",4,5,5,5,5,5,5,Традиційний,Так,5,5,5,5,5,5,Важко сказати,Так,"Щоб відповідало віку дитини.
Чітка, правильна українська мова.»",«Без насилля.»,,
P-02-01,Б-02-01-T5V2,Б,parent,02,01,paper,,,T5,text,V2,video,4,дівчинка,2,30–60 хв.,Смартфон,Разом,Іноді,Завжди,Позитивні цінності; Хороша мова; Дитині подобається,5,Так,Ні,Ні,3,5,5,5,5,5,5,Традиційний,Так,5,5,5,5,5,5,Важко сказати,Скоріше так,"«Позитивні моральні цінності, спокійна мова.»",«Сцени насильства.»,,
P-01-03,Б-01-03-T9V2,Б,parent,01,03,paper,,,T9,text,V2,video,6,хлопчик,2,30–60 хв.,Планшет,Дитина,Рідко,Іноді,Без насилля,3,Так,Ні,"Так, один раз",4,5,5,5,5,5,5,Традиційний,Так,5,5,5,5,5,5,Традиційний,Так,"«Відповідає віку дитини, без насилля.»",«Без насилля.»,,
P-01-05,Б-01-05-T1V1,Б,parent,01,05,paper,,,T1,text,V1,video,5,хлопчик,2,До 30 хв.,Смартфон,Разом,Завжди,Завжди,Позитивні цінності; Без насилля; Спокійний темп; Хороша мова; Дитині подобається; Знайома студія,5,Так,Ні,Ні,4,5,5,5,5,5,5,Традиційний,Так,3,4,4,3,4,3,ШІ,Скоріше так,"Відповідність віку, цікавий сюжет",насилля,,
P-01-06,Б-01-06-T5V6,Б,parent,01,06,paper,,,T5,text,V6,video,5,дівчинка,2,До 30 хв.,Смартфон,Разом,Завжди,Завжди,Позитивні цінності; Без насилля; Спокійний темп; Хороша мова; Дитині подобається; Знайома студія,5,Так,Ні,"Так, один раз",4,5,5,5,5,5,5,Традиційний,Так,5,5,5,5,5,5,Важко сказати,Так,Відповідність віку дитині,безнасилля,,
P-01-04,Б-01-04-T7V4,Б,parent,01,04,paper,,,T7,text,V4,video,5,хлопчик,1,До 30 хв.,Телевізор,Разом,Завжди,Завжди,Позитивні цінності; Без насилля; Дитині подобається,4,Так,Ні,"Так, один раз",4,5,5,5,5,5,5,Традиційний,Так,5,5,5,5,5,5,Традиційний,Так,"Подобається дитині, позитивні цінності",Насилля,,
P-02-04,Б-02-04-T2V6,Б,parent,02,04,paper,,,T2,text,V6,video,4,хлопчик,1,30–60 хв.,Телевізор,Разом,Часто,Іноді,Позитивні цінності; Без насилля; Хороша мова; Дитині подобається,4,Так,Можливо,"Так, один раз",4,4,5,5,5,5,5,Традиційний,Так,5,4,4,4,5,4,Важко сказати,Так,"відповідальність віку, моральні цінності","російська мова, насильство",,
P-02-02,Б-02-02-T3V2,Б,parent,02,02,paper,,,T3,text,V2,video,4,хлопчик,1,30–60 хв.,Телевізор,Я сам/-а,Часто,Завжди,Позитивні цінності; Без насилля; Хороша мова,2,Так,Ні,"Так, один раз",3,4,5,5,5,5,5,Традиційний,Так,5,4,5,5,4,4,Важко сказати,Скоріше так,"вікові норми, моральні цінності","мова ворога, насильство",,
P-02-07,Б-02-07-T5V1,Б,parent,02,07,paper,,,T5,text,V1,video,4,дівчинка,1,30–60 хв.,Телевізор,Разом,Часто,Іноді,Без насилля; Хороша мова; Дитині подобається,3,Так,Можливо,"Так, один раз",3,4,5,5,5,5,5,Традиційний,Так,5,4,5,4,5,4,Важко сказати,Так,"моральні цінності, відповідність віку","російська мова, насилля",,
P-02-05,Б-02-05-T4V3,Б,parent,02,05,paper,,,T4,text,V3,video,3,дівчинка,1,1–2 год.,Телевізор,Я сам/-а,Часто,Завжди,Дитині подобається,2,"Чув(-ла), не впевнений(-а)","Так, свідомо",Ні,3,4,4,5,4,4,4,Традиційний,Так,4,5,4,4,5,4,Традиційний,Скоріше так,"Зацікавленість дитини, повчальність, та позитивні емоціх",Російської мови та агресії персонажів,,
P-02-03,Б-02-03-T9V1,Б,parent,02,03,paper,,,T9,text,V1,video,4,дівчинка,1,До 30 хв.,Смартфон,Разом,Часто,Часто,Позитивні цінності; Дитині подобається,3,Ні,Можливо,"Так, неодноразово",4,5,5,5,5,5,5,Традиційний,Так,5,4,4,4,5,4,Важко сказати,Скоріше так,"моральні цінності, відповідність віковим вимогам","російська мова, насильство",,
P-02-06,Б-02-06-T4V2,Б,parent,02,06,paper,,,T4,text,V2,video,5,хлопчик,2,1–2 год.,Телевізор,Разом,Іноді,Іноді,Позитивні цінності; Без насилля; Дитині подобається,5,Так,Ні,Ні,2,5,5,5,5,5,5,Традиційний,Так,5,2,5,5,5,4,Важко сказати,Скоріше так,"«Повчальний, позитивний, якісна українська мова.»","«Насилля, нецензурна лексика.»",,
P-02-01,Б-02-01-T5V2,Б,parent,02,01,paper,,,T5,text,V2,video,4,хлопчик,1,До 30 хв.,ПК / ноутбук,Разом,Іноді,Завжди,Позитивні цінності; Хороша мова,4,Так,Ні,Ні,4,4,5,5,5,5,5,Традиційний,Так,4,4,4,5,5,5,Важко сказати,Скоріше так,Позитивні цінності,Насилля,,
P-03-01,Б-03-01-T8V5,Б,parent,03,01,paper,,,T8,text,V5,video,5,хлопчик,1,До 30 хв.,Телевізор,Разом,Часто,Завжди,Позитивні цінності; Без насилля; Хороша мова,,,,,2,4,5,5,5,4,4,Важко сказати,Так,4,5,4,4,4,4,ШІ,Скоріше так,"«відповідність віку»
«українська мова»
«позитивні цінності»","«російська мова»
«насилля»
«відсутність сюжету»
«пропаганда»",,
P-03-02,Б-03-02-T7V6,Б,parent,03,02,paper,,,T7,text,V6,video,4,хлопчик,1,30–60 хв.,Телевізор,Я сам/-а,Завжди,Іноді,Без насилля; Хороша мова; Дитині подобається,5,Так,Можливо,Ні,3,5,5,5,4,4,5,Традиційний,Так,3,2,2,2,2,1,ШІ,Скоріше ні,«Позитивний приклад та повчальний зміст; гарна анімація з помірними кольорами; без насилля та нецензурної лексики.»,«Російської мови та їхніх мультфільмів; жорстоких чи дивних.»,,
P-02-08,Б-02-08-T6V1,Б,parent,02,08,paper,,,T6,text,V1,video,6,хлопчик,2,1–2 год.,Телевізор,Дитина,Іноді,Часто,Позитивні цінності; Без насилля; Спокійний темп; Хороша мова; Дитині подобається,5,Так,Можливо,"Так, неодноразово",1,5,5,5,5,5,5,ШІ,Скоріше так,3,2,2,4,4,3,ШІ,Скоріше ні,"«Відповідає віку дітей, з моральним змістом, цінностями, де вирішуються складні ситуації. Яскрава, не має довгого сюжету.»","«травматичного контенту»
«негативних емоцій»
«субтитрів»
«фільмів»",,
P-03-01,Б-03-01-T8V5,Б,parent,03,01,paper,,,T8,text,V5,video,5,дівчинка,2,30–60 хв.,Телевізор,Разом,Рідко,Часто,Позитивні цінності; Спокійний темп; Дитині подобається,4,Так,Ні,Ні,4,3,3,4,3,3,3,Важко сказати,Скоріше так,2,2,2,2,2,2,Важко сказати,,"«Мультфільм повинен відповідати віку, доступність.»",«Негативу і страху.»,,
P-04-03,Б-04-03-T2V5,Б,parent,04,03,paper,,,T2,text,V5,video,5,дівчинка,1,30–60 хв.,Планшет,Разом,Іноді,Іноді,Позитивні цінності; Хороша мова; Дитині подобається; Інше,2,Так,Можливо,"Так, один раз",4,4,5,5,5,4,4,Важко сказати,Скоріше так,5,5,5,5,5,5,ШІ,Так,"«позитивний приклад»
«українською мовою»
«повчальний контент»","«блогерів»
«ворожої мови»
«контент, який містить жорстокість, агресію»",Українська мова,
P-03-05,Б-03-05-T4V4,Б,parent,03,05,paper,,,T4,text,V4,video,5,хлопчик,1,Більше 2 год.,Планшет,Дитина,Іноді,Іноді,Позитивні цінності; Без насилля; Хороша мова,5,Так,"Так, свідомо",Ні,3,5,5,5,5,5,5,Традиційний,Так,4,4,5,4,5,4,ШІ,Скоріше так,"«Вік, мораль і цінності, безпечний зміст, позитивні герої, зрозумілий сюжет, мовлення, тривалість, пізнавальність, емоційний комфорт.»","«Агресії та насильства, страшних сцен, негативних моделей поведінки, перевантаження, дорослого контенту, грубої мови, реклами та рекламного впливу, нелогічного сюжету.»",,
P-03-03,Б-03-03-T9V3,Б,parent,03,03,paper,,,T9,text,V3,video,6,хлопчик,1,30–60 хв.,Телевізор,Дитина,Часто,Іноді,Позитивні цінності; Без насилля; Спокійний темп; Хороша мова,5,Так,"Так, свідомо",Ні,5,1,5,5,5,5,5,Традиційний,Скоріше так,5,5,5,5,5,5,ШІ,,"«Доступність, … а коректність сприймається … весь матеріал.»",«російської мови»,,
P-03-02,Б-03-02-T7V6,Б,parent,03,02,paper,,,T7,text,V6,video,3,хлопчик,2,1–2 год.,Смартфон,Разом,Часто,Завжди,Позитивні цінності; Спокійний темп,4,"Чув(-ла), не впевнений(-а)",Ні,Ні,3,3,3,3,3,3,3,Важко сказати,Скоріше ні,2,2,2,2,2,2,ШІ,Скоріше ні,"«Відповідає вікові дитини, повчальний, яскравий.»",«Щоб не було негативу та страху.»,,
P-03-06,Б-03-06-T8V3,Б,parent,03,06,paper,,,T8,text,V3,video,5,хлопчик,2,Більше 2 год.,Телевізор,Разом,Іноді,Завжди,Позитивні цінності; Спокійний темп; Дитині подобається,5,Так,"Так, свідомо","Так, неодноразово",1,5,5,5,5,5,5,Традиційний,Так,4,4,3,4,4,4,ШІ,,«Чому вчить ця історія;»,"«агресії»
«неправдивої інформації»",,
P-04-02,Б-04-02-T4V6,Б,parent,04,02,paper,,,T4,text,V6,video,6,хлопчик,1,30–60 хв.,Телевізор,Разом,Завжди,Завжди,Позитивні цінності; Спокійний темп; Хороша мова; Дитині подобається,1,Так,Ні,Ні,2,5,5,5,5,5,5,Традиційний,Так,5,3,5,5,5,5,Традиційний,Так,Морально-виховний зміст,Російської мови,,
P-03-07,Б-03-07-T3V5,Б,parent,03,07,paper,,,T3,text,V5,video,5,хлопчик,2,1–2 год.,Телевізор,Разом,Рідко,Часто,Позитивні цінності; Хороша мова; Дитині подобається,1,Так,"Так, свідомо",Ні,5,5,5,5,5,5,5,Традиційний,Так,5,5,5,5,5,5,ШІ,Так,"«моральна цінність»
«якісна анімація та озвучка»
«відсутність агресії»","«російськомовний контент»
«страшні персонажі»
«комічних відео»",,
P-03-04,Б-03-04-T6V2,Б,parent,03,04,paper,,,T6,text,V2,video,5,хлопчик,1,30–60 хв.,Смартфон,Разом,Іноді,Іноді,Позитивні цінності; Хороша мова; Інше,4,Так,Ні,"Так, один раз",4,4,4,5,5,4,4,Традиційний,Так,5,5,5,5,5,5,ШІ,Так,«пам’ять»,"«щоб не несли страху, негативу.»","виховний зміст, рідна мова",
P-02-04,Б-02-04-T2V6,Б,parent,02,04,paper,,,T2,text,V6,video,4,хлопчик,2,1–2 год.,Телевізор,Дитина,Часто,Рідко,Дитині подобається,3,Так,"Так, свідомо",Ні,2,2,2,1,4,3,2,ШІ,Скоріше ні,5,4,5,5,5,5,ШІ,Так,"«Зрозумілість змісту і відповідність віку, цікавий зміст.»",«Страшний і тривожний контент.»,,
P-04-06,Б-04-06-T2V4,Б,parent,04,06,paper,,,T2,text,V4,video,4,дівчинка,2,Більше 2 год.,Планшет,Дитина,Іноді,Іноді,Дитині подобається,3,Так,"Так, свідомо",Ні,3,5,5,5,5,5,5,Важко сказати,Скоріше так,5,4,4,5,5,5,Важко сказати,Так,"«Цікавий зміст.
Добрі і зрозумілі історії.»","«Без насилля.
Без монстрів.
Без хамства.»",,
P-04-07,Б-04-07-T1V5,Б,parent,04,07,paper,,,T1,text,V5,video,3,хлопчик,1,1–2 год.,Телевізор,Разом,Часто,Іноді,Спокійний темп; Хороша мова,2,Так,Ні,Ні,2,1,1,1,1,2,1,Традиційний,Так,1,2,1,1,1,1,Традиційний,Так,"«Чітка картинка без сильно яскравих кольорів, повчальний зміст, відповідність до віку дитини, без перевантаження.»","«Незрозумілий контент, який не підходить дитині по віку.»",,
P-04-04,Б-04-04-T7V1,Б,parent,04,04,paper,,,T7,text,V1,video,5,дівчинка,1,1–2 год.,Смартфон,Разом,Часто,Завжди,Позитивні цінності; Без насилля; Спокійний темп; Хороша мова; Дитині подобається,3,"Чув(-ла), не впевнений(-а)",Можливо,"Так, один раз",3,4,5,5,5,5,5,Традиційний,Так,5,3,5,5,5,,ШІ,Так,"«Відповідність вікові;»
«Цінності;»
«Гарна озвучка;»
«Цікавий сюжет.»","«Нецензурна лексика;»
«Насильство;»
«Мова-ворожа;»
«Поганий зміст.»",,
P-КТФ-15,Б-КТФ-15-T9V5,Б,parent,КТФ,15,paper,,,T9,text,V5,video,4,хлопчик,1,30–60 хв.,Телевізор,Я сам/-а,Іноді,Часто,Позитивні цінності; Без насилля; Хороша мова,5,Так,Ні,Ні,3,4,5,5,5,4,5,ШІ,Скоріше ні,5,5,5,5,5,5,Важко сказати,Так,"«Мова»
«Сюжет (щоб було цікаво для дитини)»","«Насилля»
«Російської мови»",,
P-online-001,Б-01-T2V2,Б,parent,online,1,google_form,Google Forms,2026-03-16 18:28:21.290000,T2,text,V2,video,6.0,Хлопчик,1.0,30–60 хв.,Смартфон,Разом,Часто,Завжди,"Позитивні цінності, Без насилля, Спокійний темп, Хороша мова, Дитині подобається",5.0,Так,Ні,"Так, неодноразово",3.0,4.0,4.0,4.0,5.0,5.0,5.0,Традиційний,Скоріше так,4.0,4.0,3.0,4.0,3.0,3.0,ШІ,Скоріше ні,"Відповідність віку, тривалість, цінності, що транслюються ","Канали, що експлуатують дітей для контенту ",,
P-online-002,Б-01-T2V2,Б,parent,online,1,google_form,Google Forms,2026-03-19 08:52:53.516000,T2,text,V2,video,5.0,Хлопчик,1.0,До 30 хв.,Телевізор,Разом,Завжди,Завжди,"Позитивні цінності, Без насилля, Дитині подобається",4.0,Так,Ні,"Так, один раз",4.0,5.0,5.0,5.0,5.0,5.0,5.0,Традиційний,Так,5.0,5.0,5.0,5.0,5.0,5.0,Традиційний,Так,"Подобатися дитині, позитивні цінності ",Насилля,,
P-online-003,Б-04-T6V2,Б,parent,online,4,google_form,Google Forms,2026-03-20 09:01:37.693000,T6,text,V2,video,6.0,Дівчинка,1.0,1–2 год.,Телевізор,Дитина,Часто,Завжди,"Позитивні цінності, Без насилля, Хороша мова",1.0,Так,Можливо,"Так, неодноразово",1.0,4.0,5.0,5.0,5.0,5.0,5.0,Важко сказати,Так,5.0,5.0,5.0,5.0,5.0,5.0,Традиційний,Так,Відсутність жорстокості,Жорстокості,,
P-online-004,Б-06-T1V5,Б,parent,online,6,google_form,Google Forms,2026-03-19 09:35:19.012000,T1,text,V5,video,4.0,Хлопчик,1.0,До 30 хв.,Смартфон,Разом,Завжди,Завжди,"Позитивні цінності, Без насилля, Спокійний темп, Хороша мова, Дитині подобається, Знайома студія",5.0,Так,Можливо,"Так, один раз",4.0,5.0,5.0,5.0,5.0,5.0,5.0,Традиційний,Так,5.0,5.0,5.0,5.0,5.0,5.0,Важко сказати,Так,"Щоб відповідало віку дитини, чітка правильна українська мова",Без насилля,,
P-online-005,Б-07-T8V6,Б,parent,online,7,google_form,Google Forms,2026-03-20 08:47:51.442000,T8,text,V6,video,5.0,Хлопчик,1.0,Більше 2 год.,Смартфон,Дитина,Рідко,Рідко,"Позитивні цінності, Без насилля, Дитині подобається",4.0,Так,Ні,Ні,3.0,4.0,4.0,4.0,4.0,4.0,4.0,Традиційний,Так,4.0,4.0,4.0,4.0,4.0,4.0,ШІ,Так,Зміст,Поганого впливу,,
P-online-006,Б-07-T8V6,Б,parent,online,7,google_form,Google Forms,2026-03-20 08:50:59.181000,T8,text,V6,video,5.0,Хлопчик,1.0,Більше 2 год.,Смартфон,Дитина,Часто,Завжди,Без насилля,5.0,Так,"Так, свідомо",Ні,3.0,2.0,3.0,3.0,3.0,1.0,2.0,Традиційний,Так,3.0,3.0,3.0,3.0,3.0,3.0,ШІ,Скоріше так,"Щоб не було насилля, щоб було гарне спілкування і якість зображення, і щось повчальне",Нецензурна лексика і сцени насилля,,
P-online-007,Б-08-T9V3,Б,parent,online,8,google_form,Google Forms,2026-03-20 08:41:59.802000,T9,text,V3,video,5.0,Дівчинка,1.0,1–2 год.,Телевізор,Дитина,Іноді,Іноді,"Позитивні цінності, Без насилля, Інше",3.0,Так,Ні,"Так, один раз",1.0,3.0,3.0,3.0,3.0,3.0,3.0,Важко сказати,Скоріше так,3.0,2.0,2.0,3.0,1.0,3.0,Важко сказати,Скоріше ні,Де є добро та роздуми над своїми почуттями ,"Криків , бійок , нецензурних слів ",,
P-online-008,Б-08-T9V3,Б,parent,online,8,google_form,Google Forms,2026-03-20 09:30:04.195000,T9,text,V3,video,4.0,Хлопчик,2.0,30–60 хв.,Телевізор,Разом,Іноді,Завжди,"Позитивні цінності, Хороша мова, Дитині подобається, Інше",2.0,Так,Ні,Ні,2.0,4.0,4.0,4.0,4.0,3.0,4.0,ШІ,Так,4.0,4.0,4.0,2.0,4.0,3.0,Традиційний,Так,"Мета мультфільму, як впливає на психіку дитини,мова, графіка","Обирається сам контент мультфільму: без сцен насилля, глузування і т.д. Крім того, щоб був була чітка озвучка та діалог, комунікація між героями",,
P-online-009,Б-09-T7V4,Б,parent,online,9,google_form,Google Forms,2026-03-27 17:16:05.898000,T7,text,V4,video,4.0,Хлопчик,2.0,30–60 хв.,Планшет,Разом,Рідко,Часто,"Хороша мова, Знайома студія",3.0,Так,"Так, свідомо","Так, один раз",3.0,3.0,5.0,3.0,3.0,3.0,3.0,ШІ,Скоріше так,4.0,3.0,3.0,3.0,3.0,3.0,ШІ,Скоріше так,,,,
P-online-010,Б-11-T2V5,Б,parent,online,11,google_form,Google Forms,2026-03-19 09:46:13.056000,T2,text,V5,video,4.0,Дівчинка,2.0,30–60 хв.,Смартфон,Разом,Іноді,Завжди,"Позитивні цінності, Хороша мова, Дитині подобається",5.0,Так,Ні,Ні,3.0,5.0,5.0,5.0,5.0,5.0,5.0,Традиційний,Так,5.0,5.0,5.0,5.0,5.0,5.0,Важко сказати,Скоріше так,"Позитивні моральні цінності, спокійна мова",Сцен насильства,,
P-online-011,Б-12-T2V3,Б,parent,online,12,google_form,Google Forms,2026-03-19 09:22:54.264000,T2,text,V3,video,5.0,Дівчинка,2.0,До 30 хв.,Смартфон,Разом,Завжди,Завжди,"Позитивні цінності, Без насилля, Спокійний темп, Хороша мова, Дитині подобається, Знайома студія",5.0,Так,Ні,"Так, один раз",4.0,5.0,5.0,5.0,5.0,5.0,5.0,Традиційний,Так,5.0,5.0,5.0,5.0,5.0,5.0,Важко сказати,Так,Відповідність віку дитини,Без насилля,,
P-online-012,Б-13-T4V2,Б,parent,online,13,google_form,Google Forms,2026-03-19 09:09:51.321000,T4,text,V2,video,5.0,Хлопчик,2.0,До 30 хв.,Смартфон,Разом,Завжди,Завжди,"Позитивні цінності, Без насилля, Спокійний темп, Хороша мова, Дитині подобається, Знайома студія",5.0,Так,Ні,"Так, один раз",4.0,5.0,5.0,5.0,5.0,5.0,5.0,Традиційний,Так,3.0,4.0,4.0,3.0,3.0,3.0,ШІ,Скоріше так,"Відповідність віку, цікавий сюжет",Насилля,,
P-online-013,Б-13-T4V2,Б,parent,online,13,google_form,Google Forms,2026-03-20 09:40:37.890000,T4,text,V2,video,4.0,Хлопчик,1.0,1–2 год.,Телевізор,Разом,Часто,Завжди,"Позитивні цінності, Без насилля, Хороша мова",4.0,Так,Ні,"Так, неодноразово",3.0,5.0,5.0,5.0,4.0,5.0,5.0,ШІ,Так,4.0,3.0,4.0,4.0,4.0,4.0,Традиційний,Скоріше так,"Мова,зміст","Незрозумілий контент,ворожа мова",,
P-online-014,Б-13-T4V2,Б,parent,online,13,google_form,Google Forms,2026-03-20 20:03:46.351000,T4,text,V2,video,5.0,Дівчинка,1.0,1–2 год.,Планшет,Я сам/-а,Часто,Часто,"Без насилля, Спокійний темп, Дитині подобається",4.0,Так,Ні,Ні,2.0,3.0,5.0,5.0,5.0,5.0,5.0,ШІ,Так,5.0,5.0,5.0,5.0,5.0,5.0,ШІ,Так,Позитивний і повчальний сюжет. Чітка вимова і без зайвих спецефектів.,"Насильства, пропаганду залишатись і дивитись наступні відео. Ну і звичайно російський контент під повною забороною.",,
P-online-015,Б-14-T8V3,Б,parent,online,14,google_form,Google Forms,2026-03-19 12:38:30.847000,T8,text,V3,video,6.0,Хлопчик,1.0,1–2 год.,Смартфон,Дитина,Рідко,Іноді,"Позитивні цінності, Без насилля, Спокійний темп, Хороша мова, Дитині подобається",5.0,Так,Ні,Ні,3.0,5.0,5.0,5.0,5.0,5.0,5.0,ШІ,Так,3.0,3.0,3.0,3.0,3.0,3.0,Важко сказати,Так,Щоб було цікаво,Без жорстокості,,
P-online-016,Б-14-T8V3,Б,parent,online,14,google_form,Google Forms,2026-03-19 12:39:01.038000,T8,text,V3,video,6 років,Дівчинка,2.0,Більше 2 год.,Планшет,Разом,Іноді,Часто,"Позитивні цінності, Без насилля, Дитині подобається",4.0,Так,"Так, свідомо",Ні,2.0,2.0,3.0,4.0,3.0,2.0,4.0,ШІ,Так,3.0,2.0,4.0,3.0,4.0,4.0,ШІ,Скоріше так,"Щоб був гарний приклад поведінки, яскравість українська мова","Насилля, російська мова!!!",,
P-online-017,Б-14-T8V3,Б,parent,online,14,google_form,Google Forms,2026-03-20 06:12:59.449000,T8,text,V3,video,5.0,Дівчинка,1.0,Більше 2 год.,ПК / ноутбук,Разом,Рідко,Часто,"Без насилля, Дитині подобається",5.0,"Чув(-ла), не впевнений(-а)",Можливо,Ні,3.0,5.0,5.0,5.0,5.0,5.0,5.0,Традиційний,Так,5.0,1.0,4.0,4.0,4.0,4.0,ШІ,Так,"Повчальний характер, не несе небезпеки психіці дитини",Нецензурної лексики та насильства,,
P-online-018,Б-14-T8V3,Б,parent,online,14,google_form,Google Forms,2026-03-20 07:01:59.260000,T8,text,V3,video,5.0,Хлопчик,1.0,1–2 год.,Телевізор,Разом,Часто,Завжди,Позитивні цінності,2.0,Так,Ні,Ні,1.0,2.0,4.0,4.0,4.0,2.0,3.0,Традиційний,Скоріше ні,4.0,4.0,4.0,4.0,3.0,4.0,Традиційний,Скоріше так,Щоб було цікаво. Пізнавально. Знаю вподобання дитини тому обираю підходящі для нього мультфільми . ,Російська мова. Особлива увага країна виробник. Не має бути жорстоких сцен та насильства. ,,
P-online-019,Б-14-T8V3,Б,parent,online,14,google_form,Google Forms,2026-03-20 18:50:49.002000,T8,text,V3,video,4.0,Дівчинка,1.0,Більше 2 год.,Смартфон,Я сам/-а,Рідко,Іноді,Без насилля,5.0,Так,Можливо,Ні,3.0,3.0,3.0,3.0,3.0,3.0,3.0,Традиційний,Скоріше так,3.0,3.0,3.0,3.0,3.0,3.0,Важко сказати,Скоріше так,,,,
P-online-020,Б-16-T6V5,Б,parent,online,16,google_form,Google Forms,2026-03-19 08:46:35.652000,T6,text,V5,video,6.0,Хлопчик,2.0,30–60 хв.,Планшет,Дитина,Рідко,Іноді,Без насилля,3.0,Так,Ні,"Так, один раз",4.0,5.0,5.0,5.0,5.0,5.0,5.0,Традиційний,Так,5.0,5.0,5.0,5.0,5.0,5.0,Традиційний,Так,"Відповідно віку дитини, без насилля",Без насилля,,
P-online-021,Б-16-T6V5,Б,parent,online,16,google_form,Google Forms,2026-03-23 08:28:56.011000,T6,text,V5,video,6.0,Дівчинка,1.0,30–60 хв.,Планшет,Разом,Часто,Завжди,"Позитивні цінності, Без насилля, Хороша мова",4.0,Ні,Ні,"Так, неодноразово",3.0,4.0,5.0,5.0,5.0,4.0,4.0,Традиційний,Так,4.0,4.0,4.0,4.0,3.0,4.0,ШІ,Скоріше так,Позитив,"Насильства, російської мови.",,
P-online-022,Б-17-T3V2,Б,parent,online,17,google_form,Google Forms,2026-03-20 22:59:45.555000,T3,text,V2,video,4.0,Дівчинка,1.0,1–2 год.,Планшет,Разом,Іноді,Часто,"Позитивні цінності, Без насилля, Хороша мова, Дитині подобається",5.0,Так,"Так, свідомо",Ні,3.0,4.0,4.0,5.0,5.0,4.0,5.0,Традиційний,Скоріше так,3.0,4.0,4.0,5.0,4.0,4.0,ШІ,Так,"Зміст, які цінності вкладаються в дитину при перегляді, позитивні моменти, добро","Нецензурна лексика, насилля, контент де хтось когось може образити",,
P-online-023,Б-17-T3V2,Б,parent,online,17,google_form,Google Forms,2026-03-21 06:38:10.584000,T3,text,V2,video,5.0,Дівчинка,2.0,Більше 2 год.,Планшет,Разом,Іноді,Іноді,"Позитивні цінності, Без насилля, Дитині подобається",5.0,Так,Можливо,Ні,3.0,3.0,3.0,3.0,4.0,4.0,4.0,Традиційний,Скоріше так,3.0,4.0,4.0,4.0,4.0,3.0,ШІ,Скоріше так,"Цінності, відсутність насилля та жорстокості , відповідність віку","Жорстокості , насилля ",,
P-online-024,Б-19-T5V3,Б,parent,online,19,google_form,Google Forms,2026-03-20 13:20:32.165000,T5,text,V3,video,6.0,Хлопчик,1.0,1–2 год.,Планшет,Разом,Іноді,Часто,"Без насилля, Хороша мова",3.0,Так,Ні,Ні,3.0,3.0,5.0,5.0,5.0,5.0,4.0,Традиційний,Так,5.0,4.0,5.0,5.0,5.0,5.0,ШІ,Так,"Позитивний вплив на психіку, сприяння розвитку ","Агресивного контенту, нецензурної лексики і контенту",,
P-online-025,Б-19-T5V3,Б,parent,online,19,google_form,Google Forms,2026-03-20 19:35:24.452000,T5,text,V3,video,5.0,Дівчинка,2.0,1–2 год.,ПК / ноутбук,Разом,Рідко,Завжди,"Позитивні цінності, Без насилля, Спокійний темп, Хороша мова, Дитині подобається",5.0,Ні,Ні,"Так, неодноразово",4.0,3.0,3.0,3.0,3.0,3.0,3.0,Важко сказати,Так,3.0,2.0,3.0,2.0,3.0,2.0,Важко сказати,Скоріше так,"Доброта, розвиток","Насилля, негативні висловлювання, злість",,
P-online-026,Б-19-T5V3,Б,parent,online,19,google_form,Google Forms,2026-03-21 15:11:03.418000,T5,text,V3,video,5.0,Хлопчик,1.0,1–2 год.,Телевізор,Разом,Іноді,Завжди,"Позитивні цінності, Без насилля, Хороша мова, Дитині подобається",1.0,Так,Ні,Ні,1.0,5.0,5.0,5.0,5.0,5.0,5.0,Традиційний,Так,3.0,3.0,3.0,3.0,3.0,3.0,ШІ,Скоріше ні,"Вікова категорія, моральне виховання, норми поведінки...","Насилля, жахи",,
P-online-027,Б-20-T9V6,Б,parent,online,20,google_form,Google Forms,2026-03-20 08:47:01.987000,T9,text,V6,video,5.0,Хлопчик,1.0,1–2 год.,Смартфон,Разом,Рідко,Рідко,"Позитивні цінності, Без насилля, Хороша мова",3.0,Ні,Можливо,Ні,1.0,5.0,5.0,5.0,5.0,5.0,5.0,Важко сказати,Скоріше так,4.0,2.0,2.0,3.0,3.0,3.0,ШІ,Скоріше так,"Мова, цінності ","Насилля, нецензурна лексика, мова ",,
P-online-028,Б-20-T9V6,Б,parent,online,20,google_form,Google Forms,2026-03-20 09:08:37.049000,T9,text,V6,video,5.0,Дівчинка,1.0,Більше 2 год.,Смартфон,Дитина,Іноді,Завжди,"Позитивні цінності, Хороша мова, Дитині подобається",5.0,Так,Ні,Ні,3.0,3.0,3.0,3.0,3.0,3.0,3.0,Важко сказати,Скоріше ні,2.0,2.0,2.0,3.0,2.0,2.0,ШІ,Так,,,,
P-online-029,Б-20-T9V6,Б,parent,online,20,google_form,Google Forms,2026-03-20 17:21:45.431000,T9,text,V6,video,5.0,Хлопчик,1.0,1–2 год.,Телевізор,Дитина,Іноді,Часто,"Позитивні цінності, Без насилля, Хороша мова",2.0,"Чув(-ла), не впевнений(-а)",Ні,"Так, один раз",2.0,5.0,5.0,5.0,5.0,5.0,5.0,Важко сказати,Так,1.0,1.0,1.0,1.0,1.0,1.0,Важко сказати,Так,Щоб дитина мала бажання дивитися цю казку .,Матюки  ,,
P-online-030,Б-21-T3V3,Б,parent,online,21,google_form,Google Forms,2026-03-13 23:03:19.893000,T3,text,V3,video,2.0,Дівчинка,1.0,30–60 хв.,Планшет,Разом,Часто,Часто,"Позитивні цінності, Без насилля, Спокійний темп, Хороша мова, Дитині подобається",1.0,Так,Можливо,"Так, один раз",3.0,5.0,5.0,5.0,5.0,5.0,5.0,Важко сказати,Так,4.0,3.0,5.0,4.0,5.0,4.0,ШІ,Скоріше ні,Зміст контенту ,Контент з агресивними наративами,,
P-online-031,Б-21-T3V3,Б,parent,online,21,google_form,Google Forms,2026-03-20 21:22:40.797000,T3,text,V3,video,5.0,Дівчинка,2.0,Більше 2 год.,Смартфон,Дитина,Часто,Часто,"Без насилля, Хороша мова, Дитині подобається",3.0,Ні,Ні,Ні,3.0,4.0,4.0,4.0,5.0,5.0,5.0,ШІ,Так,4.0,3.0,5.0,4.0,3.0,4.0,ШІ,Так,Зацікавленість дитини,Насилля,,
P-online-032,Б-22-T5V1,Б,parent,online,22,google_form,Google Forms,2026-03-13 18:43:17.397000,T5,text,V1,video,5.0,Хлопчик,1.0,30–60 хв.,Планшет,Разом,Часто,Часто,"Позитивні цінності, Без насилля, Хороша мова, Дитині подобається",4.0,Так,Можливо,Ні,3.0,5.0,5.0,5.0,5.0,5.0,5.0,ШІ,Так,4.0,4.0,4.0,5.0,4.0,4.0,Важко сказати,Скоріше так,"Відповідність віку дитини, безпечний зміст і наявність позитивної моральної ідеї, яка сприяє розвитку мислення, уяви та формуванню добрих цінностей.","Свідомо уникаю контенту з насильством, агресією, грубою мовою та змістом, що не відповідає віку дитини. 
",,
P-online-033,Б-22-T5V1,Б,parent,online,22,google_form,Google Forms,2026-03-19 07:59:30.769000,T5,text,V1,video,5.0,Хлопчик,1.0,До 30 хв.,Телевізор,Я сам/-а,Завжди,Завжди,"Позитивні цінності, Без насилля, Хороша мова, Дитині подобається",2.0,Так,"Так, свідомо",Ні,3.0,4.0,4.0,4.0,5.0,3.0,4.0,Традиційний,Так,4.0,4.0,4.0,4.0,4.0,4.0,ШІ,Скоріше так,"Цікавий сюжет, правильне мовлення, відповідність віку","Російської мови, насилля",,
P-online-034,Б-22-T5V1,Б,parent,online,22,google_form,Google Forms,2026-03-20 10:23:46.738000,T5,text,V1,video,5 років,Дівчинка,1.0,1–2 год.,Планшет,Разом,Іноді,Іноді,"Без насилля, Спокійний темп, Хороша мова, Дитині подобається",3.0,Так,Можливо,"Так, один раз",2.0,5.0,5.0,4.0,5.0,4.0,5.0,Традиційний,Скоріше так,4.0,4.0,4.0,5.0,5.0,4.0,ШІ,Скоріше так,"Щоб було цікаво , щоб відповідало відео віку дитини, щось повчальне","Насильства, поганої мови",,
P-online-035,Б-23-T3V1,Б,parent,online,23,google_form,Google Forms,2026-03-20 08:33:31.804000,T3,text,V1,video,4.0,Хлопчик,1.0,До 30 хв.,Смартфон,Дитина,Рідко,Завжди,"Позитивні цінності, Без насилля, Хороша мова, Дитині подобається, Інше",1.0,Так,Ні,"Так, неодноразово",3.0,2.0,3.0,3.0,3.0,3.0,3.0,Важко сказати,Так,3.0,2.0,3.0,3.0,3.0,3.0,Традиційний,Так,"Українська мова, цінності","Російської мови, монстрів, чаклунства",,
P-online-036,Б-23-T3V1,Б,parent,online,23,google_form,Google Forms,2026-03-20 11:34:05.986000,T3,text,V1,video,6.0,Хлопчик,1.0,30–60 хв.,Телевізор,Я сам/-а,Іноді,Завжди,"Позитивні цінності, Без насилля, Спокійний темп, Хороша мова, Дитині подобається",5.0,Так,Ні,Ні,5.0,5.0,5.0,5.0,5.0,5.0,5.0,Традиційний,Так,5.0,5.0,5.0,5.0,5.0,5.0,Традиційний,Так,"українська мова, сюжет","москальцини, блоХерів",,
P-online-037,Б-23-T3V1,Б,parent,online,23,google_form,Google Forms,2026-03-20 12:43:27.924000,T3,text,V1,video,5 років,Дівчинка,1.0,1–2 год.,Телевізор,Разом,Іноді,Іноді,"Позитивні цінності, Без насилля, Хороша мова, Дитині подобається, Інше",1.0,Так,Ні,"Так, неодноразово",4.0,5.0,5.0,5.0,5.0,5.0,5.0,Традиційний,Так,1.0,1.0,1.0,3.0,2.0,2.0,ШІ,Скоріше ні,"Безпека, вікова категорія, емоції, виховна цінність","Дитина сама боїться страшних подій, обераємо позитивні, повчальні сюжети",,
P-online-038,Б-23-T3V1,Б,parent,online,23,google_form,Google Forms,2026-03-20 18:49:43.512000,T3,text,V1,video,4.0,Дівчинка,1.0,Більше 2 год.,Смартфон,Разом,Іноді,Завжди,Без насилля,2.0,Так,Можливо,Ні,2.0,3.0,5.0,5.0,5.0,2.0,5.0,Важко сказати,Так,3.0,4.0,5.0,5.0,4.0,3.0,ШІ,Скоріше так,Відповідність вікові і відповідність контенту,"Насилля,матюки і ганебна поведінка",,
P-online-039,Б-23-T3V1,Б,parent,online,23,google_form,Google Forms,2026-03-22 21:19:37.911000,T3,text,V1,video,5.0,Дівчинка,2.0,1–2 год.,Телевізор,Разом,Іноді,Іноді,"Без насилля, Спокійний темп",4.0,Так,Можливо,Ні,3.0,5.0,5.0,5.0,5.0,5.0,5.0,Традиційний,Скоріше так,5.0,5.0,5.0,5.0,5.0,5.0,ШІ,Так,"Цікаве,повчальне,корисне ","Насилля,щось страшне,що лякає дитину,те,що не несе користь ",,
P-online-040,Б-24-T1V4,Б,parent,online,24,google_form,Google Forms,2026-03-20 17:55:34.361000,T1,text,V4,video,5 років,Дівчинка,1.0,1–2 год.,Смартфон,Разом,Іноді,Завжди,Позитивні цінності,5.0,Так,Ні,"Так, неодноразово",1.0,3.0,3.0,3.0,3.0,3.0,3.0,Традиційний,Так,3.0,3.0,3.0,3.0,3.0,3.0,ШІ,Так,Щоб був пізнавальний і на українській мові,Відео різних блогерів,,
P-online-041,Б-24-T1V4,Б,parent,online,24,google_form,Google Forms,2026-03-26 21:56:48.750000,T1,text,V4,video,5.0,Хлопчик,2.0,Більше 2 год.,Смартфон,Разом,Рідко,Часто,"Позитивні цінності, Без насилля, Хороша мова, Дитині подобається",3.0,Так,Можливо,Ні,2.0,3.0,3.0,3.0,3.0,3.0,3.0,Традиційний,Скоріше так,3.0,3.0,3.0,3.0,2.0,3.0,ШІ,Так,Чи хоче дитина її дивитися,Блогерів,,
P-online-042,Б-24-T1V4,Б,parent,online,24,google_form,Google Forms,2026-03-30 19:37:00.533000,T1,text,V4,video,4.0,Дівчинка,1.0,30–60 хв.,Телевізор,Разом,Іноді,Завжди,"Позитивні цінності, Без насилля, Хороша мова",4.0,Так,Можливо,"Так, неодноразово",4.0,3.0,3.0,3.0,3.0,3.0,3.0,Традиційний,Так,3.0,3.0,3.0,3.0,3.0,3.0,ШІ,Скоріше так,,Російської мови,,
P-online-043,Б-18-T8V2,Б,parent,online,18,google_form,Google Forms,2026-03-20 21:13:51.499000,T8,text,V2,video,4.0,Хлопчик,3 і більше,До 30 хв.,Смартфон,Разом,Часто,Завжди,Хороша мова,3.0,Так,Ні,Ні,3.0,3.0,3.0,3.0,3.0,3.0,3.0,Важко сказати,Так,3.0,1.0,2.0,3.0,3.0,3.0,Традиційний,Так,Мова сенс,Російська мова ,,
P-online-044,Б-13-T4V2,Б,parent,online,13,google_form,Google Forms,2026-03-13 22:12:09.706000,T4,text,V2,video,5 років ,Дівчинка,1.0,30–60 хв.,Телевізор,Разом,Іноді,Завжди,"Позитивні цінності, Без насилля, Хороша мова, Дитині подобається",4.0,Так,Можливо,Ні,3.0,3.0,4.0,4.0,5.0,4.0,4.0,Важко сказати,Скоріше так,3.0,3.0,5.0,5.0,5.0,4.0,ШІ,Скоріше так,"Щоб зміст був зрозумілий дитині, добрий за змістом і відповідав її віку","Жорстокості; агресії; контенту, що не відповідає віку дитини; негативних прикладів поведінки та поганої лексики",,
